2025-12-20T11:51:00,1784,
2025-12-20T16:36:04,1801,
2025-12-20T18:26:03,1801,
2025-12-20T19:15:01,1801,
2025-12-20T20:20:15,1805,
2025-12-20T21:16:40,1806,
2025-12-20T22:18:05,1808,
2025-12-20T22:50:20,1808,
2025-12-21T05:24:37,1809,
2025-12-21T06:30:23,1809,
2025-12-21T07:19:10,1809,
2025-12-21T08:26:24,1811,
2025-12-21T09:20:15,1811,
2025-12-21T10:20:12,1812,
2025-12-21T11:16:34,1813,
2025-12-21T12:39:00,1816,
2025-12-21T13:27:39,1827,
2025-12-21T14:18:24,1829,
2025-12-21T15:18:47,1832,
2025-12-21T16:23:26,1834,
2025-12-21T17:17:19,1837,
2025-12-21T18:28:11,1838,
2025-12-21T19:15:59,1839,
2025-12-21T20:21:27,1847,
2025-12-21T21:18:30,1849,
2025-12-21T22:19:28,1849,
2025-12-21T23:18:50,1849,
2025-12-22T01:46:02,1849,
2025-12-22T03:42:55,1849,
2025-12-22T04:40:00,1849,
2025-12-22T05:24:26,1849,
2025-12-22T06:35:16,1849,
2025-12-22T07:24:00,1851,
2025-12-22T08:30:48,1853,
2025-12-22T09:28:25,1857,
2025-12-22T10:22:27,1869,
2025-12-22T11:18:32,1871,
2025-12-22T12:42:24,1877,
2025-12-22T13:34:27,1881,
2025-12-22T14:21:03,1883,
2025-12-22T15:22:16,1883,
2025-12-22T16:26:24,1883,
2025-12-22T17:18:51,1883,
2025-12-22T18:31:12,1885,
2025-12-22T19:17:48,1886,
2025-12-22T20:22:55,1889,
2025-12-22T21:18:35,1892,
2025-12-22T22:20:39,1892,
2025-12-22T23:20:05,1892,
2025-12-23T01:41:58,1892,
2025-12-23T03:26:21,1892,
2025-12-23T04:37:32,1892,
2025-12-23T05:24:35,1892,
2025-12-23T06:34:01,1893,
2025-12-23T07:24:01,1895,
2025-12-23T08:30:02,1907,
2025-12-23T09:25:34,1920,
2025-12-23T10:23:53,1920,
2025-12-23T11:19:03,1923,
2025-12-23T12:43:22,1927,
2025-12-23T13:35:35,1935,
2025-12-23T14:21:08,1936,
2025-12-23T15:21:42,1942,
2025-12-23T16:27:47,1942,
2025-12-23T17:20:31,1944,
2025-12-23T18:31:02,1945,
2025-12-23T19:17:43,1946,
2025-12-23T20:22:43,1948,
2025-12-23T21:19:33,1951,
2025-12-23T22:19:37,1951,
2025-12-23T23:19:17,1951,
2025-12-24T01:40:49,1951,
2025-12-24T03:23:55,1951,
2025-12-24T04:35:54,1951,
2025-12-24T05:24:10,1951,
2025-12-24T06:34:09,1952,
2025-12-24T07:23:46,1952,
2025-12-24T08:29:33,1952,
2025-12-24T09:24:47,1952,
2025-12-24T10:21:56,1953,
2025-12-24T11:18:48,1955,
2025-12-24T12:42:14,1956,
2025-12-24T13:32:10,1959,
2025-12-24T14:19:42,1961,
2025-12-24T15:21:39,1962,
2025-12-24T16:25:48,1962,
2025-12-24T17:17:32,1963,
2025-12-24T18:30:05,1963,
2025-12-24T19:16:25,1963,
2025-12-24T20:22:14,1963,
2025-12-24T21:18:54,1964,
2025-12-24T22:20:05,1965,
2025-12-24T23:19:27,1967,
2025-12-25T01:42:20,1967,
2025-12-25T03:26:45,1967,
2025-12-25T04:37:43,1967,
2025-12-25T05:24:16,1967,
2025-12-25T06:33:24,1967,
2025-12-25T07:21:39,1968,
2025-12-25T08:28:34,1968,
2025-12-25T09:23:16,1968,
2025-12-25T10:22:07,1973,
2025-12-25T11:18:06,1976,
2025-12-25T12:41:23,1979,
2025-12-25T13:32:05,1984,
2025-12-25T14:19:57,1988,
2025-12-25T15:20:28,1993,
2025-12-25T16:25:58,1996,
2025-12-25T17:18:05,1998,
2025-12-25T18:29:44,2004,
2025-12-25T19:16:35,2005,
2025-12-25T20:23:13,2010,
2025-12-25T21:18:57,2011,
2025-12-25T22:19:33,2012,
2025-12-25T23:19:38,2016,
2025-12-26T01:41:41,2022,
2025-12-26T03:24:50,2022,
2025-12-26T04:34:48,2022,
2025-12-26T05:22:02,2022,
2025-12-26T06:32:49,2022,
2025-12-26T07:21:51,2023,
2025-12-26T08:28:14,2027,
2025-12-26T09:22:40,2028,
2025-12-26T10:21:57,2032,
2025-12-26T11:18:43,2034,
2025-12-26T12:41:21,2040,
2025-12-26T13:32:37,2043,
2025-12-26T14:20:03,2045,
2025-12-26T15:20:53,2048,
2025-12-26T16:24:30,2052,
2025-12-26T17:17:49,2052,
2025-12-26T18:29:41,2056,
2025-12-26T19:16:39,2056,
2025-12-26T20:22:03,2059,
2025-12-26T21:18:30,2065,
2025-12-26T22:19:31,2069,
2025-12-26T23:19:29,2070,
2025-12-27T01:39:34,2071,
2025-12-27T03:23:07,2071,
2025-12-27T04:32:22,2071,
2025-12-27T05:21:28,2071,
2025-12-27T06:31:06,2071,
2025-12-27T07:19:05,2073,
2025-12-27T08:27:06,2078,
2025-12-27T09:20:50,2078,
2025-12-27T10:20:16,2084,
2025-12-27T11:16:29,2090,
2025-12-27T12:39:23,2094,
2025-12-27T13:28:34,2105,
2025-12-27T14:18:46,2106,
2025-12-27T15:18:56,2106,
2025-12-27T16:24:16,2112,
2025-12-27T17:17:47,2117,
2025-12-27T18:28:35,2126,
2025-12-27T19:15:45,2126,
2025-12-27T20:21:59,2132,
2025-12-27T21:17:44,2135,
2025-12-27T22:19:09,2140,
2025-12-27T23:19:25,2140,
2025-12-28T01:51:45,2140,
2025-12-28T03:47:57,2140,
2025-12-28T04:43:56,2140,
2025-12-28T05:24:07,2140,
2025-12-28T06:31:28,2140,
2025-12-28T07:20:07,2140,
2025-12-28T08:27:19,2141,
2025-12-28T09:20:35,2145,
2025-12-28T10:20:41,2152,
2025-12-28T11:17:10,2158,
2025-12-28T12:40:11,2168,
2025-12-28T13:29:04,2171,
2025-12-28T14:19:24,2176,
2025-12-28T15:19:30,2184,
2025-12-28T16:24:35,2189,
2025-12-28T17:17:59,2190,
2025-12-28T18:29:29,2197,
2025-12-28T19:16:15,2204,
2025-12-28T20:23:11,2209,
2025-12-28T21:18:36,2217,
2025-12-28T22:19:34,2218,
2025-12-28T23:19:38,2219,
2025-12-29T01:50:05,2219,
2025-12-29T03:49:29,2219,
2025-12-29T04:49:39,2219,
2025-12-29T05:28:21,2219,
2025-12-29T06:35:15,2220,
2025-12-29T07:25:39,2222,
2025-12-29T08:31:51,2226,
2025-12-29T09:30:38,2229,
2025-12-29T10:23:27,2232,
2025-12-29T11:19:18,2237,
2025-12-29T12:44:02,2252,
2025-12-29T13:37:24,2253,
2025-12-29T14:21:56,2265,
2025-12-29T15:22:31,2270,
2025-12-29T16:26:16,2276,
2025-12-29T17:19:00,2285,
2025-12-29T18:30:26,2296,
2025-12-29T19:16:56,2308,
2025-12-29T20:24:16,2318,
2025-12-29T21:18:43,2321,
2025-12-29T22:20:01,2324,
2025-12-29T23:19:38,2326,
2025-12-30T01:42:29,2326,
2025-12-30T03:27:58,2326,
2025-12-30T04:39:17,2326,
2025-12-30T05:24:08,2327,
2025-12-30T06:33:47,2329,
2025-12-30T07:22:29,2331,
2025-12-30T08:29:26,2335,
2025-12-30T09:25:33,2347,
2025-12-30T10:23:12,2360,
2025-12-30T11:19:07,2383,
2025-12-30T12:43:32,2415,
2025-12-30T13:36:05,2421,
2025-12-30T14:20:55,2426,
2025-12-30T15:22:28,2442,
2025-12-30T16:28:05,2459,
2025-12-30T17:20:45,2462,
2025-12-30T18:31:24,2474,
2025-12-30T19:17:23,2487,
2025-12-30T20:23:12,2496,
2025-12-30T21:19:47,2521,
2025-12-30T22:20:02,2528,
2025-12-30T23:19:04,2536,
2025-12-31T01:43:15,2537,
2025-12-31T03:26:38,2537,
2025-12-31T04:38:32,2537,
2025-12-31T05:24:58,2537,
2025-12-31T06:34:06,2539,
2025-12-31T07:23:16,2542,
2025-12-31T08:29:23,2556,
2025-12-31T09:25:04,2565,
2025-12-31T10:22:22,2576,
2025-12-31T11:19:08,2592,
2025-12-31T12:42:35,2619,
2025-12-31T13:32:20,2637,
2025-12-31T14:20:22,2651,
2025-12-31T15:20:46,2673,
2025-12-31T16:26:20,2703,
2025-12-31T17:18:33,2732,
2025-12-31T18:29:40,2751,
2025-12-31T19:16:13,2764,
2025-12-31T20:22:37,2808,
2025-12-31T21:18:53,2842,
2025-12-31T22:20:32,2863,
2025-12-31T23:19:36,2880,
2026-01-01T01:52:28,2882,
2026-01-01T03:50:44,2882,
2026-01-01T04:48:24,2882,
2026-01-01T05:27:33,2882,
2026-01-01T06:33:59,2882,
2026-01-01T07:22:58,2882,
2026-01-01T08:29:38,2882,
2026-01-01T09:25:12,2882,
2026-01-01T10:22:59,2882,
2026-01-01T11:18:33,2884,
2026-01-01T12:42:11,2887,
2026-01-01T13:33:37,2891,
2026-01-01T14:19:56,2893,
2026-01-01T15:21:52,2897,
2026-01-01T16:27:12,2901,
2026-01-01T17:20:00,2902,
2026-01-01T18:29:51,2903,0
2026-01-01T18:30:35,2903,0
2026-01-01T19:17:03,2904,0
2026-01-01T20:24:07,2905,0
2026-01-01T21:19:22,2908,0
2026-01-01T22:20:26,2912,0
2026-01-01T23:20:29,2912,0
2026-01-02T01:44:08,2912,0
2026-01-02T03:40:10,2912,0
2026-01-02T04:40:49,2912,0
2026-01-02T05:25:20,2912,0
2026-01-02T06:33:34,2912,0
2026-01-02T07:23:46,2912,0
2026-01-02T08:29:17,2912,0
2026-01-02T09:24:41,2912,0
2026-01-02T10:21:40,2912,0
2026-01-02T11:18:44,2912,0
2026-01-02T12:41:23,2912,0
2026-01-02T13:32:30,2912,0
2026-01-02T14:20:46,2912,0
2026-01-02T15:21:50,2912,0
2026-01-02T16:26:10,2912,0
2026-01-02T17:18:27,2912,0
2026-01-02T18:29:42,2912,0
2026-01-02T19:14:12,2912,0
2026-01-02T20:22:27,2912,0
2026-01-02T21:16:27,2912,0
2026-01-02T22:20:36,2912,0
2026-01-02T23:19:39,2912,0
2026-01-03T01:38:36,2912,0
2026-01-03T03:22:32,2912,0
2026-01-03T04:32:29,2912,0
2026-01-03T05:21:16,2912,0
2026-01-03T06:31:17,2912,0
2026-01-03T07:19:39,2912,0
2026-01-03T08:27:04,2912,0
2026-01-03T09:20:30,2912,0
2026-01-03T10:20:37,2912,0
2026-01-03T11:17:12,2912,0
2026-01-03T12:39:39,2912,0
2026-01-03T13:28:53,2912,0
2026-01-03T14:19:04,2912,0
2026-01-03T15:19:29,2912,0
2026-01-03T16:25:02,2912,0
2026-01-03T17:17:44,2912,0
2026-01-03T18:29:08,2912,0
2026-01-03T19:15:30,2912,0
2026-01-03T20:22:38,2912,0
2026-01-03T21:18:18,2912,0
2026-01-03T22:19:25,2912,0
2026-01-03T23:19:23,2912,0
2026-01-04T01:53:09,2912,0
2026-01-04T03:51:17,2912,0
2026-01-04T04:49:43,2912,0
2026-01-04T05:25:39,2912,0
2026-01-04T06:32:02,2912,0
2026-01-04T07:21:18,2912,0
2026-01-04T08:27:47,2912,0
2026-01-04T09:19:44,2912,0
2026-01-04T10:20:18,2912,0
2026-01-04T11:16:53,2912,0
2026-01-04T12:40:09,2912,0
2026-01-04T13:29:48,2912,0
2026-01-04T14:18:41,2912,0
2026-01-04T15:19:31,2912,0
2026-01-04T16:24:59,2912,0
2026-01-04T17:17:48,2912,0
2026-01-04T18:29:15,2912,0
2026-01-04T19:16:09,2912,0
2026-01-04T20:23:06,2912,0
2026-01-04T21:18:44,2912,0
2026-01-04T22:19:44,2912,0
2026-01-04T23:19:43,2912,0
2026-01-05T01:53:20,2912,0
2026-01-05T03:56:15,2912,0
2026-01-05T04:58:20,2912,0
2026-01-05T05:40:18,2912,0
2026-01-05T06:39:08,2912,0
2026-01-05T07:28:51,2912,0
2026-01-05T08:33:44,2912,0
2026-01-05T09:32:01,2912,0
2026-01-05T10:25:17,2912,0
2026-01-05T11:19:52,2912,0
2026-01-05T12:46:27,2912,0
2026-01-05T13:40:49,2912,0
2026-01-05T14:24:39,2912,0
2026-01-05T15:24:30,2912,0
2026-01-05T16:27:16,2912,0
2026-01-05T17:22:53,2912,0
2026-01-05T18:33:02,2912,0
2026-01-05T19:20:20,2912,0
2026-01-05T20:25:46,2912,0
2026-01-05T21:20:38,2912,0
2026-01-05T22:20:55,2912,0
2026-01-05T23:20:28,2912,0
2026-01-06T01:44:20,2912,0
2026-01-06T03:38:38,2912,0
2026-01-06T04:39:33,2912,0
2026-01-06T05:24:56,2912,0
2026-01-06T06:35:08,2912,0
2026-01-06T07:26:05,2912,0
2026-01-06T08:31:15,2912,0
2026-01-06T09:26:42,2913,0
2026-01-06T10:23:52,2952,1
2026-01-06T11:19:02,2971,1
2026-01-06T12:44:04,3009,1
2026-01-06T13:37:45,3029,1
2026-01-06T14:22:56,3059,1
2026-01-06T15:23:19,3075,1
2026-01-06T16:29:05,3076,1
2026-01-06T17:23:24,3078,1
2026-01-06T18:32:08,3080,1
2026-01-06T19:17:00,3081,1
2026-01-06T20:24:13,3082,1
2026-01-06T21:20:53,3083,1
2026-01-06T22:21:16,3084,1
2026-01-06T23:20:43,3084,1
2026-01-07T01:44:08,3084,1
2026-01-07T03:38:45,3084,1
2026-01-07T04:40:53,3084,1
2026-01-07T05:25:37,3084,1
2026-01-07T06:34:29,3084,1
2026-01-07T07:25:12,3084,1
2026-01-07T08:31:12,3084,1
2026-01-07T09:28:10,3088,1
2026-01-07T10:24:55,3095,1
2026-01-07T11:20:18,3099,1
2026-01-07T12:45:24,3101,1
2026-01-07T13:39:38,3104,1
2026-01-07T14:24:13,3105,1
2026-01-07T15:25:45,3108,1
2026-01-07T16:30:36,3110,1
2026-01-07T17:26:09,3112,1
2026-01-07T18:33:18,3113,1
2026-01-07T19:20:26,3115,1
2026-01-07T20:25:45,3116,1
2026-01-07T21:20:24,3118,1
2026-01-07T22:20:51,3120,1
2026-01-07T23:20:36,3120,1
2026-01-08T01:44:44,3121,1
2026-01-08T03:39:08,3121,1
2026-01-08T04:39:21,3121,1
2026-01-08T05:24:51,3121,1
2026-01-08T06:35:01,3121,1
2026-01-08T07:24:37,3121,1
2026-01-08T08:30:48,3135,1
2026-01-08T09:28:18,3136,1
2026-01-08T10:24:51,3137,1
2026-01-08T11:20:44,3139,1
2026-01-08T12:45:56,3150,1
2026-01-08T13:40:22,3153,1
2026-01-08T14:25:42,3154,1
2026-01-08T15:26:20,3157,1
2026-01-08T16:30:06,3162,1
2026-01-08T17:26:45,3162,1
2026-01-08T18:29:00,3165,1
2026-01-08T19:19:55,3165,1
2026-01-08T20:25:47,3166,1
2026-01-08T21:21:03,3166,1
2026-01-08T22:21:15,3167,1
2026-01-08T23:18:43,3167,1
2026-01-09T01:44:59,3167,1
2026-01-09T03:39:47,3167,1
2026-01-09T04:40:06,3167,1
2026-01-09T05:25:38,3167,1
2026-01-09T06:34:33,3171,1
2026-01-09T07:25:17,3173,1
2026-01-09T08:31:11,3174,1
2026-01-09T09:27:55,3174,1
2026-01-09T10:23:19,3177,1
2026-01-09T11:19:45,3184,1
2026-01-09T12:44:18,3180,1
2026-01-09T13:38:03,3180,1
2026-01-09T14:24:23,3180,1
2026-01-09T15:24:18,3180,1
2026-01-09T16:28:18,3181,1
2026-01-09T17:23:06,3181,1
2026-01-09T18:32:37,3182,1
2026-01-09T19:19:49,3182,1
2026-01-09T20:24:56,3184,1
2026-01-09T21:20:41,3184,1
2026-01-09T22:21:06,3184,1
2026-01-09T23:20:22,3184,1
2026-01-10T01:41:36,3185,1
2026-01-10T03:24:11,3185,1
2026-01-10T04:34:04,3185,1
2026-01-10T05:21:17,3185,1
2026-01-10T06:30:30,3186,1
2026-01-10T07:19:31,3186,1
2026-01-10T08:26:34,3187,1
2026-01-10T09:20:20,3187,1
2026-01-10T10:20:34,3189,1
2026-01-10T11:17:32,3190,1
2026-01-10T12:39:27,3193,1
2026-01-10T13:29:01,3195,1
2026-01-10T14:19:11,3195,1
2026-01-10T15:20:00,3197,1
2026-01-10T16:24:53,3199,1
2026-01-10T17:17:51,3206,1
2026-01-10T18:29:19,3206,1
2026-01-10T19:16:12,3208,1
2026-01-10T20:21:54,3209,1
2026-01-10T21:18:24,3209,1
2026-01-10T22:19:47,3209,1
2026-01-10T23:19:20,3210,1
2026-01-11T01:53:15,3210,1
2026-01-11T03:50:23,3210,1
2026-01-11T04:48:10,3210,1
2026-01-11T05:25:26,3210,1
2026-01-11T06:32:11,3210,1
2026-01-11T07:20:44,3210,1
2026-01-11T08:27:13,3211,1
2026-01-11T09:21:04,3212,1
2026-01-11T10:21:16,3217,1
2026-01-11T11:17:20,3219,1
2026-01-11T12:40:52,3220,1
2026-01-11T13:29:49,3224,1
2026-01-11T14:19:11,3227,1
2026-01-11T15:19:50,3229,1
2026-01-11T16:24:53,3229,1
2026-01-11T17:17:28,3231,1
2026-01-11T18:29:21,3234,1
2026-01-11T19:16:05,3237,1
2026-01-11T20:23:21,3244,1
2026-01-11T21:18:49,3245,1
2026-01-11T22:20:03,3246,1
2026-01-11T23:19:43,3247,1
2026-01-12T01:49:43,3247,1
2026-01-12T03:49:24,3247,1
2026-01-12T04:50:48,3247,1
2026-01-12T05:29:39,3247,1
2026-01-12T06:36:49,3248,1
2026-01-12T07:27:16,3251,1
2026-01-12T08:32:47,3254,1
2026-01-12T09:32:13,3257,1
2026-01-12T10:25:52,3260,1
2026-01-12T11:20:29,3264,1
2026-01-12T12:47:51,3267,1
2026-01-12T13:42:02,3268,1
2026-01-12T14:26:27,3273,1
2026-01-12T15:26:14,3274,1
2026-01-12T16:27:33,3276,1
2026-01-12T17:23:53,3277,1
2026-01-12T18:33:22,3280,1
2026-01-12T19:20:42,3296,1
2026-01-12T20:25:39,3296,1
2026-01-12T21:21:04,3296,1
2026-01-12T22:19:19,3296,1
2026-01-12T23:17:14,3296,1
2026-01-13T01:41:32,3296,1
2026-01-13T03:27:57,3296,1
2026-01-13T04:40:09,3296,1
2026-01-13T05:25:51,3296,1
2026-01-13T06:34:11,3297,1
2026-01-13T07:24:59,3301,1
2026-01-13T08:31:10,3303,1
2026-01-13T09:28:19,3307,1
2026-01-13T10:24:36,3309,1
2026-01-13T11:20:24,3310,1
2026-01-13T12:47:36,3314,1
2026-01-13T13:41:27,3315,1
2026-01-13T14:25:41,3316,1
2026-01-13T15:25:50,3317,1
2026-01-13T16:32:13,3321,1
2026-01-13T17:26:21,3322,1
2026-01-13T18:31:55,3322,1
2026-01-13T19:20:17,3324,1
2026-01-13T20:25:30,3325,1
2026-01-13T21:21:11,3326,1
2026-01-13T22:21:59,3328,1
2026-01-13T23:19:57,3329,1
2026-01-14T01:48:27,3329,1
2026-01-14T03:47:23,3329,1
2026-01-14T04:46:44,3329,1
2026-01-14T05:24:28,3329,1
2026-01-14T06:34:28,3329,1
2026-01-14T07:25:28,3330,1
2026-01-14T08:30:51,3332,1
2026-01-14T09:29:16,3334,1
2026-01-14T10:25:08,3340,1
2026-01-14T11:21:30,3343,1
2026-01-14T12:46:24,3350,1
2026-01-14T13:40:10,3350,1
2026-01-14T14:25:42,3350,1
2026-01-14T15:26:31,3353,1
2026-01-14T16:30:39,3356,1
2026-01-14T17:27:22,3358,1
2026-01-14T18:33:43,3359,1
2026-01-14T19:19:23,3359,1
2026-01-14T20:22:04,3365,1
2026-01-14T21:21:34,3365,1
2026-01-14T22:22:33,3365,1
2026-01-14T23:18:20,3365,1
2026-01-15T01:43:53,3366,1
2026-01-15T03:40:57,3366,1
2026-01-15T04:40:33,3366,1
2026-01-15T05:26:21,3366,1
2026-01-15T06:34:03,3367,1
2026-01-15T07:25:29,3367,1
2026-01-15T08:31:24,3376,1
2026-01-15T09:27:58,3381,1
2026-01-15T10:25:10,3388,1
2026-01-15T11:20:03,3391,1
2026-01-15T12:45:12,3396,1
2026-01-15T13:39:52,3403,1
2026-01-15T14:25:00,3406,1
2026-01-15T15:25:51,3406,1
2026-01-15T16:35:38,3407,1
2026-01-15T17:31:44,3407,1
2026-01-15T19:24:24,3413,1
2026-01-15T20:25:18,3416,1
2026-01-15T21:21:25,3420,1
2026-01-15T22:21:35,3422,1
2026-01-15T23:21:04,3423,1
2026-01-16T01:45:34,3423,1
2026-01-16T03:39:28,3423,1
2026-01-16T04:39:45,3423,1
2026-01-16T05:25:47,3423,1
2026-01-16T06:34:46,3423,1
2026-01-16T07:24:31,3426,1
2026-01-16T08:30:26,3429,1
2026-01-16T09:27:01,3436,1
2026-01-16T10:24:12,3438,1
2026-01-16T11:19:45,3439,1
2026-01-16T12:44:13,3441,1
2026-01-16T13:37:30,3442,1
2026-01-16T14:24:01,3447,1
2026-01-16T15:24:28,3449,1
2026-01-16T16:29:22,3449,1
2026-01-16T17:24:19,3450,1
2026-01-16T18:32:54,3452,1
2026-01-16T19:19:55,3455,1
2026-01-16T20:22:00,3456,1
2026-01-16T21:21:20,3458,1
2026-01-16T22:21:18,3458,1
2026-01-16T23:20:14,3458,1
2026-01-17T01:40:13,3458,1
2026-01-17T03:22:40,3458,1
2026-01-17T04:32:28,3458,1
2026-01-17T05:20:26,3458,1
2026-01-17T06:30:55,3459,1
2026-01-17T07:19:25,3459,1
2026-01-17T08:26:55,3462,1
2026-01-17T09:20:12,3465,1
2026-01-17T10:20:15,3470,1
2026-01-17T11:17:21,3471,1
2026-01-17T12:39:26,3475,1
2026-01-17T13:28:35,3477,1
2026-01-17T14:18:44,3479,1
2026-01-17T15:19:53,3479,1
2026-01-17T16:23:09,3481,1
2026-01-17T17:17:28,3482,1
2026-01-17T18:28:39,3484,1
2026-01-17T19:15:44,3484,1
2026-01-17T20:22:13,3489,1
2026-01-17T21:18:22,3490,1
2026-01-17T22:19:48,3491,1
2026-01-17T23:19:18,3491,1
2026-01-18T01:51:47,3491,1
2026-01-18T03:46:16,3491,1
2026-01-18T04:41:51,3491,1
2026-01-18T05:23:24,3491,1
2026-01-18T06:31:25,3491,1
2026-01-18T07:19:51,3491,1
2026-01-18T08:27:21,3492,1
2026-01-18T09:21:12,3494,1
2026-01-18T10:21:48,3495,1
2026-01-18T11:17:00,3516,1
2026-01-18T12:39:41,3518,1
2026-01-18T13:28:27,3520,1
2026-01-18T14:18:30,3525,1
2026-01-18T15:19:33,3525,1
2026-01-18T16:24:41,3529,1
2026-01-18T17:17:34,3534,1
2026-01-18T18:27:59,3537,1
2026-01-18T19:15:43,3540,1
2026-01-18T20:22:21,3545,1
2026-01-18T21:18:19,3548,1
2026-01-18T22:19:46,3552,1
2026-01-18T23:19:34,3552,1
2026-01-19T01:50:10,3552,1
2026-01-19T03:50:43,3552,1
2026-01-19T04:52:12,3552,1
2026-01-19T05:31:52,3552,1
2026-01-19T06:38:53,3552,1
2026-01-19T07:28:26,3553,1
2026-01-19T08:33:24,3556,1
2026-01-19T09:34:34,3564,1
2026-01-19T10:29:14,3565,1
2026-01-19T11:21:21,3571,1
2026-01-19T12:50:39,3579,1
2026-01-19T13:45:21,3581,1
2026-01-19T14:27:35,3582,1
2026-01-19T15:26:52,3583,1
2026-01-19T16:29:42,3592,1
2026-01-19T17:23:51,3599,1
2026-01-19T18:32:31,3603,1
2026-01-19T19:19:40,3608,1
2026-01-19T20:24:29,3611,1
2026-01-19T21:20:24,3617,1
2026-01-19T22:21:31,3618,1
2026-01-19T23:20:34,3618,1
2026-01-20T01:45:20,3618,1
2026-01-20T03:43:46,3618,1
2026-01-20T04:44:56,3618,1
2026-01-20T05:28:53,3619,1
2026-01-20T06:36:30,3619,1
2026-01-20T07:27:46,3621,1
2026-01-20T08:32:15,3623,1
2026-01-20T09:33:12,3626,1
2026-01-20T10:27:51,3630,1
2026-01-20T11:23:33,3642,1
2026-01-20T12:50:53,3656,1
2026-01-20T13:47:05,3668,1
2026-01-20T14:31:22,3674,1
2026-01-20T15:31:02,3678,1
2026-01-20T16:36:46,3678,1
2026-01-20T17:29:29,3678,1
2026-01-20T18:36:53,3681,1
2026-01-20T20:12:51,3683,1
2026-01-20T21:20:48,3686,1
2026-01-20T22:23:14,3688,1
2026-01-20T23:22:23,3690,1
2026-01-21T03:44:05,3690,1
2026-01-21T04:44:11,3690,1
2026-01-21T05:28:48,3690,1
2026-01-21T06:36:42,3690,1
2026-01-21T07:28:26,3696,1
2026-01-21T08:32:07,3698,1
2026-01-21T09:32:51,3702,1
2026-01-21T10:28:57,3716,1
2026-01-21T11:24:39,3720,1
2026-01-21T12:50:35,3731,1
2026-01-21T13:46:00,3736,1
2026-01-21T14:30:53,3738,1
2026-01-21T15:32:12,3743,1
2026-01-21T16:46:19,3751,1
2026-01-21T17:54:36,3753,1
2026-01-21T18:42:24,3753,1
2026-01-21T19:27:14,3755,1
2026-01-21T20:30:49,3760,1
2026-01-21T21:28:38,3766,1
2026-01-21T22:25:12,3768,1
2026-01-21T23:26:05,3770,1
2026-01-22T01:48:20,3770,1
2026-01-22T03:48:09,3770,1
2026-01-22T04:48:43,3770,1
2026-01-22T05:28:28,3770,1
2026-01-22T06:35:45,3771,1
2026-01-22T07:27:52,3772,1
2026-01-22T08:32:46,3780,1
2026-01-22T09:32:29,3784,1
2026-01-22T10:27:27,3790,1
2026-01-22T11:23:28,3800,1
2026-01-22T12:50:24,3800,1
2026-01-22T13:47:11,3811,1
2026-01-22T14:30:16,3813,1
2026-01-22T15:31:12,3816,1
2026-01-22T16:35:54,3818,1
2026-01-22T17:28:46,3819,1
2026-01-22T18:33:07,3821,1
2026-01-22T19:24:42,3826,1
2026-01-22T20:28:10,3831,1
2026-01-22T21:23:18,3831,1
2026-01-22T22:22:56,3831,1
2026-01-22T23:21:04,3832,1
2026-01-23T01:45:22,3833,1
2026-01-23T03:42:33,3834,1
2026-01-23T04:42:30,3834,1
2026-01-23T05:27:40,3834,1
2026-01-23T06:35:40,3836,1
2026-01-23T07:25:26,3840,1
2026-01-23T08:30:52,3847,1
2026-01-23T09:30:40,3850,1
2026-01-23T10:25:13,3851,1
2026-01-23T11:21:13,3852,1
2026-01-23T12:47:21,3857,1
2026-01-23T13:42:42,3858,1
2026-01-23T14:25:35,3859,1
2026-01-23T15:26:11,3863,1
2026-01-23T16:30:45,3866,1
2026-01-23T17:26:01,3871,1
2026-01-23T18:33:45,3873,1
2026-01-23T19:24:36,3875,1
2026-01-23T20:26:28,3877,1
2026-01-23T21:21:25,3879,1
2026-01-23T22:18:27,3880,1
2026-01-23T23:21:10,3882,1
2026-01-24T01:42:27,3882,1
2026-01-24T03:26:46,3882,1
2026-01-24T04:35:22,3882,1
2026-01-24T05:21:36,3882,1
2026-01-24T06:32:06,3882,1
2026-01-24T07:20:13,3882,1
2026-01-24T08:27:19,3884,1
2026-01-24T09:20:36,3885,1
2026-01-24T10:21:25,3890,1
2026-01-24T11:17:59,3892,1
2026-01-24T12:40:33,3894,1
2026-01-24T13:30:38,3894,1
2026-01-24T14:19:46,3898,1
2026-01-24T15:20:12,3902,1
2026-01-24T16:24:59,3903,1
2026-01-24T17:17:52,3903,1
2026-01-24T18:30:19,3907,1
2026-01-24T19:17:05,3908,1
2026-01-24T20:21:53,3910,1
2026-01-24T21:18:26,3914,1
2026-01-24T22:19:44,3914,1
2026-01-24T23:19:45,3914,1
2026-01-25T01:54:50,3915,1
2026-01-25T03:54:44,3915,1
2026-01-25T04:52:39,3915,1
2026-01-25T05:28:30,3915,1
2026-01-25T06:32:25,3915,1
2026-01-25T07:21:52,3915,1
2026-01-25T08:27:50,3915,1
2026-01-25T09:21:57,3923,1
2026-01-25T10:22:02,3927,1
2026-01-25T11:18:11,3930,1
2026-01-25T12:42:09,3935,1
2026-01-25T13:32:17,3937,1
2026-01-25T14:19:18,3939,1
2026-01-25T15:20:23,3943,1
2026-01-25T16:26:10,3962,1
2026-01-25T17:17:58,3969,1
2026-01-25T18:30:26,3973,1
2026-01-25T19:17:17,3975,1
2026-01-25T20:24:26,3976,1
2026-01-25T21:19:39,3979,1
2026-01-25T22:20:18,3981,1
2026-01-25T23:20:18,3981,1
2026-01-26T01:54:19,3981,1
2026-01-26T03:57:33,3981,1
2026-01-26T04:58:35,3981,1
2026-01-26T05:38:45,3981,1
2026-01-26T06:37:24,3982,1
2026-01-26T07:28:09,3983,1
2026-01-26T08:33:17,3987,1
2026-01-26T09:34:34,4001,1
2026-01-26T10:26:57,4021,1
2026-01-26T11:20:52,4022,1
2026-01-26T12:48:49,4039,1
2026-01-26T13:44:03,4042,1
2026-01-26T14:28:30,4048,1
2026-01-26T15:29:09,4055,1
2026-01-26T16:34:42,4058,1
2026-01-26T17:29:26,4059,1
2026-01-26T18:36:25,4067,1
2026-01-26T19:24:01,4070,1
2026-01-26T20:27:56,4073,1
2026-01-26T21:24:02,4075,1
2026-01-26T22:21:55,4075,1
2026-01-26T23:22:23,4075,1
2026-01-27T01:51:28,4075,1
2026-01-27T03:48:08,4075,1
2026-01-27T04:47:09,4075,1
2026-01-27T05:26:52,4075,1
2026-01-27T06:35:50,4076,1
2026-01-27T07:27:43,4079,1
2026-01-27T08:33:26,4082,1
2026-01-27T09:33:21,4089,1
2026-01-27T10:28:08,4091,1
2026-01-27T11:23:13,4093,1
2026-01-27T12:51:01,4100,1
2026-01-27T13:47:58,4110,1
2026-01-27T14:30:14,4110,1
2026-01-27T15:31:05,4110,1
2026-01-27T16:30:39,4111,1
2026-01-27T17:27:46,4111,1
2026-01-27T18:38:53,4112,1
2026-01-27T19:27:05,4114,1
2026-01-27T20:23:30,4119,1
2026-01-27T21:21:19,4125,1
2026-01-27T22:22:55,4128,1
2026-01-27T23:22:22,4128,1
2026-01-28T01:47:41,4128,1
2026-01-28T03:45:15,4129,1
2026-01-28T04:43:52,4129,1
2026-01-28T05:27:56,4130,1
2026-01-28T06:36:33,4130,1
2026-01-28T07:26:31,4134,1
2026-01-28T08:32:37,4138,1
2026-01-28T09:34:34,4139,1
2026-01-28T10:28:38,4146,1
2026-01-28T11:23:31,4175,1
2026-01-28T12:50:51,4178,1
2026-01-28T13:49:14,4177,1
2026-01-28T14:30:34,4178,1
2026-01-28T15:32:47,4179,1
2026-01-28T16:37:24,4197,1
2026-01-28T17:32:31,4198,1
2026-01-28T18:37:39,4199,1
2026-01-28T19:28:19,4204,1
2026-01-28T20:31:13,4210,1
2026-01-28T21:29:35,4211,1
2026-01-28T22:27:00,4211,1
2026-01-28T23:26:39,4211,1
2026-01-29T02:00:17,4211,1
2026-01-29T04:12:52,4211,1
2026-01-29T05:43:12,4212,1
2026-01-29T06:48:16,4212,1
2026-01-29T07:39:51,4216,1
2026-01-29T08:39:27,4223,1
2026-01-29T09:42:49,4229,1
2026-01-29T10:36:40,4231,1
2026-01-29T11:30:56,4232,1
2026-01-29T12:57:27,4235,1
2026-01-29T14:02:04,4236,1
2026-01-29T15:35:57,4236,1
2026-01-29T16:43:51,4237,1
2026-01-29T17:37:38,4238,1
2026-01-29T18:45:40,4240,1
2026-01-29T19:30:13,4243,1
2026-01-29T20:30:35,4244,1
2026-01-29T21:27:00,4246,1
2026-01-29T22:27:51,4247,1
2026-01-29T23:26:26,4248,1
2026-01-30T02:01:06,4249,1
2026-01-30T04:40:25,4249,1
2026-01-30T05:46:34,4249,1
2026-01-30T06:50:10,4249,1
2026-01-30T07:40:17,4249,1
2026-01-30T08:39:27,4265,1
2026-01-30T09:37:56,4267,1
2026-01-30T10:34:02,4268,1
2026-01-30T11:28:25,4268,1
2026-01-30T12:55:48,4268,1
2026-01-30T13:57:09,4267,1
2026-01-30T14:38:27,4270,1
2026-01-30T15:34:31,4270,1
2026-01-30T16:39:14,4273,1
2026-01-30T17:33:56,4274,1
2026-01-30T18:42:19,4274,1
2026-01-30T19:32:20,4274,1
2026-01-30T20:30:07,4275,1
2026-01-30T21:28:41,4276,1
2026-01-30T22:26:20,4278,1
2026-01-30T23:25:41,4278,1
2026-01-31T01:56:39,4278,1
2026-01-31T04:07:35,4278,1
2026-01-31T05:38:21,4278,1
2026-01-31T06:39:20,4278,1
2026-01-31T07:28:53,4280,1
2026-01-31T08:30:46,4284,1
2026-01-31T09:28:12,4285,1
2026-01-31T10:24:40,4288,1
2026-01-31T11:20:37,4288,1
2026-01-31T12:47:55,4302,1
2026-01-31T13:40:59,4302,1
2026-01-31T14:24:27,4303,1
2026-01-31T15:23:50,4304,1
2026-01-31T16:28:34,4309,1
2026-01-31T17:23:57,4313,1
2026-01-31T18:32:48,4315,1
2026-01-31T19:20:27,4317,1
2026-01-31T20:26:08,4318,1
2026-01-31T21:21:38,4323,1
2026-01-31T22:22:30,4323,1
2026-01-31T23:22:05,4323,1
2026-02-01T02:24:59,4323,1
2026-02-01T05:00:47,4323,1
2026-02-01T06:49:45,4323,1
2026-02-01T07:37:10,4324,1
2026-02-01T08:33:02,4326,1
2026-02-01T09:31:05,4328,1
2026-02-01T10:25:45,4330,1
2026-02-01T11:21:35,4331,1
2026-02-01T12:50:30,4334,1
2026-02-01T13:42:59,4334,1
2026-02-01T14:26:26,4334,1
2026-02-01T15:24:52,4334,1
2026-02-01T16:30:03,4334,1
2026-02-01T17:24:26,4337,1
2026-02-01T18:35:19,4340,1
2026-02-01T19:24:21,4344,1
2026-02-01T20:27:25,4347,1
2026-02-01T21:23:39,4347,1
2026-02-01T22:24:50,4348,1
2026-02-01T23:25:00,4348,1
2026-02-02T02:08:52,4348,1
2026-02-02T04:57:11,4348,1
2026-02-02T06:05:30,4348,1
2026-02-02T07:50:07,4351,1
2026-02-02T08:42:55,4353,1
2026-02-02T09:50:24,4357,1
2026-02-02T10:43:58,4362,1
2026-02-02T11:35:36,4364,1
2026-02-02T12:59:38,4369,1
2026-02-02T14:05:57,4377,1
2026-02-02T15:37:33,4385,1
2026-02-02T16:40:25,4388,1
2026-02-02T17:37:56,4415,1
2026-02-02T18:43:27,4435,1
2026-02-02T23:29:05,4469,1
2026-02-03T02:06:58,4470,1
2026-02-03T04:46:28,4470,1
2026-02-03T05:50:55,4474,1
2026-02-03T06:52:13,4475,1
2026-02-03T07:42:45,4482,1
2026-02-03T08:36:32,4498,1
2026-02-03T09:41:26,4510,1
2026-02-03T10:39:57,4515,1
2026-02-03T11:34:24,4520,1
2026-02-03T13:00:25,4526,1
2026-02-03T14:08:53,4533,1
2026-02-03T15:50:43,4549,1
2026-02-03T16:53:26,4560,1
2026-02-03T17:53:10,4561,1
2026-02-03T18:56:45,4564,1
2026-02-03T19:46:03,4566,1
2026-02-03T20:36:19,4569,1
2026-02-03T21:35:08,4573,1
2026-02-03T22:29:45,4575,1
2026-02-03T23:28:09,4575,1
2026-02-04T02:02:16,4575,1
2026-02-04T04:27:37,4576,1
2026-02-04T05:49:21,4576,1
2026-02-04T06:53:18,4579,1
2026-02-04T07:43:41,4579,1
2026-02-04T08:41:51,4590,1
2026-02-04T09:43:24,4596,1
2026-02-04T10:38:01,4596,1
2026-02-04T11:33:06,4599,1
2026-02-04T12:59:07,4607,1
2026-02-04T14:06:43,4611,1
2026-02-04T15:42:52,4612,1
2026-02-04T16:49:05,4616,1
2026-02-04T17:45:24,4621,1
2026-02-04T18:51:29,4622,1
2026-02-04T19:38:25,4625,1
2026-02-04T20:34:34,4635,1
2026-02-04T21:32:56,4637,1
2026-02-04T22:28:29,4638,1
2026-02-04T23:27:59,4639,1
2026-02-05T02:03:42,4639,1
2026-02-05T04:47:40,4639,1
2026-02-05T05:55:49,4639,1
2026-02-05T07:00:12,4640,1
2026-02-05T07:54:50,4642,1
2026-02-05T08:42:53,4646,1
2026-02-05T09:44:06,4650,1
2026-02-05T10:40:35,4653,1
2026-02-05T11:35:23,4659,1
2026-02-05T13:02:26,4664,1
2026-02-05T14:42:47,4676,1
2026-02-05T15:40:54,4691,1
2026-02-05T16:49:49,4694,1
2026-02-05T17:47:45,4695,1
2026-02-05T18:50:47,4696,1
2026-02-05T19:37:08,4698,1
2026-02-05T20:34:11,4701,1
2026-02-05T21:28:33,4701,1
2026-02-05T22:27:24,4702,1
2026-02-05T23:22:45,4702,1
2026-02-06T02:03:13,4702,1
2026-02-06T04:46:37,4702,1
2026-02-06T05:54:00,4702,1
2026-02-06T06:55:13,4703,1
2026-02-06T07:46:31,4722,1
2026-02-06T08:41:09,4730,1
2026-02-06T09:42:35,4735,1
2026-02-06T10:39:36,4736,1
2026-02-06T11:33:58,4736,1
2026-02-06T12:59:26,4741,1
2026-02-06T14:05:36,4743,1
2026-02-06T15:40:03,4749,1
2026-02-06T16:43:56,4757,1
2026-02-06T17:41:14,4758,1
2026-02-06T18:51:47,4760,1
2026-02-06T19:37:34,4763,1
2026-02-06T20:34:25,4766,1
2026-02-06T21:30:57,4767,1
2026-02-06T22:24:16,4767,1
2026-02-06T23:25:46,4767,1
2026-02-07T01:59:20,4767,1
2026-02-07T04:13:37,4767,1
2026-02-07T05:41:56,4767,1
2026-02-07T06:42:01,4768,1
2026-02-07T07:31:30,4768,1
2026-02-07T08:31:39,4768,1
2026-02-07T09:31:06,4770,1
2026-02-07T10:25:59,4772,1
2026-02-07T11:21:35,4773,1
2026-02-07T12:48:59,4775,1
2026-02-07T13:43:15,4777,1
2026-02-07T14:26:29,4782,1
2026-02-07T15:25:28,4785,1
2026-02-07T16:29:54,4791,1
2026-02-07T17:26:01,4792,1
2026-02-07T18:35:46,4794,1
2026-02-07T19:23:28,4798,1
2026-02-07T20:27:10,4798,1
2026-02-07T21:25:59,4800,1
2026-02-07T22:26:32,4803,1
2026-02-07T23:29:45,4803,1
2026-02-08T02:32:24,4803,1
2026-02-08T05:03:25,4803,1
2026-02-08T06:50:27,4803,1
2026-02-08T07:38:16,4803,1
2026-02-08T08:33:10,4803,1
2026-02-08T09:30:23,4804,1
2026-02-08T10:27:23,4805,1
2026-02-08T11:23:12,4809,1
2026-02-08T12:50:37,4815,1
2026-02-08T13:44:56,4816,1
2026-02-08T14:27:40,4817,1
2026-02-08T15:26:36,4820,1
2026-02-08T16:31:21,4823,1
2026-02-08T17:26:18,4826,1
2026-02-08T18:37:22,4828,1
2026-02-08T19:25:32,4832,1
2026-02-08T20:28:26,4838,1
2026-02-08T21:26:37,4840,1
2026-02-08T22:27:39,4840,1
2026-02-08T23:31:31,4840,1
2026-02-09T02:10:33,4840,1
2026-02-09T05:00:20,4840,1
2026-02-09T06:12:06,4840,1
2026-02-09T07:56:55,4847,1
2026-02-09T08:58:52,4850,1
2026-02-09T10:10:39,4854,1
2026-02-09T11:44:24,4885,1
2026-02-09T13:09:00,4912,1
2026-02-09T14:51:59,4914,1
2026-02-09T15:56:10,4915,1
2026-02-09T17:57:51,4915,1
2026-02-09T19:24:31,4915,1
2026-02-09T20:38:51,4915,1
2026-02-09T21:38:47,4915,1
2026-02-09T22:36:06,4915,1
2026-02-09T23:37:07,4915,1
2026-02-10T02:27:13,4915,1
2026-02-10T05:04:00,4915,1
2026-02-10T07:04:20,4915,1
2026-02-10T08:56:10,4915,1
2026-02-10T10:01:57,4915,1
2026-02-10T11:50:34,4915,1
2026-02-10T13:13:39,4915,1
2026-02-10T15:00:18,4916,1
2026-02-10T16:27:07,4916,1
2026-02-10T18:02:02,4916,1
2026-02-10T19:59:03,4916,1
2026-02-10T20:55:50,4916,1
2026-02-10T21:42:52,4916,1
2026-02-10T22:39:43,4916,1
2026-02-10T23:38:18,4916,1
2026-02-11T02:23:28,4916,1
2026-02-11T05:02:19,4916,1
2026-02-11T07:00:55,4916,1
